year,stocks,bonds,tbills,gold,inflation
1928,0.4381,0.0084,0.0308,0.0010,-0.0116
1929,-0.0830,0.0420,0.0316,-0.0015,0.0058
1930,-0.2512,0.0454,0.0455,0.0010,-0.0640
1931,-0.4384,-0.0256,0.0231,-0.1738,-0.0932
1932,-0.0864,0.0879,0.0107,0.2128,-0.1027
1933,0.4998,0.0186,0.0096,0.2726,0.0076
1934,-0.0119,0.0796,0.0028,0.3175,0.0152
1935,0.4674,0.0447,0.0017,0.0043,0.0299
1936,0.3194,0.0502,0.0017,0.0009,0.0145
1937,-0.3534,0.0138,0.0028,-0.0023,0.0286
1938,0.2928,0.0421,0.0007,0.0017,-0.0278
1939,-0.0110,0.0441,0.0005,-0.0123,0.0000
1940,-0.1067,0.0540,0.0004,-0.0166,0.0071
1941,-0.1277,-0.0202,0.0013,0.0000,0.0993
1942,0.1917,0.0229,0.0034,0.0000,0.0903
1943,0.2506,0.0249,0.0038,0.0000,0.0296
1944,0.1903,0.0258,0.0038,0.0000,0.0230
1945,0.3582,0.0380,0.0038,0.0254,0.0225
1946,-0.0843,0.0313,0.0038,0.0000,0.1813
1947,0.0520,0.0092,0.0060,0.0000,0.0884
1948,0.0570,0.0195,0.0105,0.0000,0.0299
1949,0.1830,0.0466,0.0112,-0.0870,-0.0207
1950,0.3081,0.0043,0.0120,0.0956,0.0593
1951,0.2368,-0.0030,0.0152,0.0000,0.0600
1952,0.1815,0.0227,0.0172,-0.0035,0.0075
1953,-0.0121,0.0414,0.0189,0.0069,0.0075
1954,0.5256,0.0329,0.0094,0.0057,-0.0074
1955,0.3260,-0.0134,0.0172,-0.0003,0.0037
1956,0.0744,-0.0226,0.0262,-0.0011,0.0299
1957,-0.1046,0.0680,0.0322,-0.0011,0.0290
1958,0.4372,-0.0210,0.0177,0.0043,0.0176
1959,0.1206,-0.0265,0.0339,0.0000,0.0173
1960,0.0034,0.1164,0.0287,0.0048,0.0136
1961,0.2664,0.0206,0.0235,-0.0006,0.0067
1962,-0.0881,0.0569,0.0277,-0.0006,0.0133
1963,0.2261,0.0168,0.0316,-0.0040,0.0164
1964,0.1642,0.0373,0.0355,0.0003,0.0097
1965,0.1240,0.0072,0.0395,0.0006,0.0192
1966,-0.0997,0.0291,0.0486,0.0003,0.0346
1967,0.2380,-0.0158,0.0429,-0.0051,0.0304
1968,0.1081,0.0327,0.0534,0.1247,0.0472
1969,-0.0824,-0.0501,0.0667,0.0501,0.0620
1970,0.0356,0.1675,0.0639,-0.0945,0.0557
1971,0.1422,0.0979,0.0433,0.1669,0.0327
1972,0.1876,0.0282,0.0406,0.4878,0.0341
1973,-0.1431,0.0366,0.0704,0.7296,0.0871
1974,-0.2590,0.0199,0.0785,0.6615,0.1234
1975,0.3700,0.0361,0.0579,-0.2480,0.0694
1976,0.2383,0.1598,0.0498,-0.0410,0.0486
1977,-0.0698,0.0129,0.0526,0.2264,0.0670
1978,0.0651,-0.0078,0.0718,0.3701,0.0902
1979,0.1852,0.0067,0.1005,1.2655,0.1329
1980,0.3174,-0.0299,0.1139,0.1519,0.1252
1981,-0.0470,0.0820,0.1404,-0.3260,0.0892
1982,0.2042,0.3281,0.1109,0.1562,0.0383
1983,0.2234,0.0320,0.0895,-0.1680,0.0379
1984,0.0615,0.1373,0.0992,-0.1938,0.0395
1985,0.3124,0.2571,0.0772,0.0600,0.0380
1986,0.1849,0.2428,0.0615,0.1896,0.0110
1987,0.0581,-0.0496,0.0596,0.2453,0.0443
1988,0.1654,0.0822,0.0689,-0.1526,0.0442
1989,0.3148,0.1769,0.0839,-0.0284,0.0465
1990,-0.0306,0.0624,0.0775,-0.0311,0.0611
1991,0.3023,0.1500,0.0554,-0.0856,0.0306
1992,0.0749,0.0936,0.0351,-0.0573,0.0290
1993,0.0997,0.1421,0.0307,0.1768,0.0275
1994,0.0133,-0.0804,0.0437,-0.0217,0.0267
1995,0.3720,0.2348,0.0566,0.0098,0.0254
1996,0.2268,0.0143,0.0515,-0.0459,0.0332
1997,0.3310,0.0994,0.0520,-0.2141,0.0170
1998,0.2834,0.1492,0.0491,-0.0083,0.0161
1999,0.2089,-0.0825,0.0478,0.0085,0.0268
2000,-0.0903,0.1666,0.0600,-0.0544,0.0339
2001,-0.1185,0.0557,0.0348,0.0075,0.0155
2002,-0.2197,0.1512,0.0164,0.2557,0.0238
2003,0.2836,0.0038,0.0103,0.1989,0.0188
2004,0.1074,0.0449,0.0140,0.0465,0.0326
2005,0.0483,0.0287,0.0322,0.1777,0.0342
2006,0.1561,0.0196,0.0485,0.2320,0.0254
2007,0.0548,0.1021,0.0448,0.3192,0.0408
2008,-0.3655,0.2010,0.0140,0.0432,0.0009
2009,0.2594,-0.1112,0.0015,0.2504,0.0272
2010,0.1482,0.0846,0.0014,0.2924,0.0150
2011,0.0210,0.1604,0.0005,0.1202,0.0296
2012,0.1589,0.0297,0.0009,0.0568,0.0174
2013,0.3215,-0.0910,0.0006,-0.2761,0.0150
2014,0.1352,0.1075,0.0003,0.0012,0.0076
2015,0.0138,0.0128,0.0005,-0.1211,0.0073
2016,0.1177,0.0069,0.0032,0.0810,0.0207
2017,0.2161,0.0280,0.0095,0.1266,0.0211
2018,-0.0423,-0.0002,0.0197,-0.0093,0.0191
2019,0.3121,0.0964,0.0211,0.1908,0.0229
2020,0.1802,0.1133,0.0036,0.2417,0.0136
2021,0.2847,-0.0442,0.0004,-0.0375,0.0704
2022,-0.1804,-0.1783,0.0209,0.0055,0.0645
2023,0.2606,0.0388,0.0528,0.1326,0.0335
2024,0.2488,-0.0164,0.0518,0.2596,0.0289
2025,0.1778,0.0780,0.0421,0.6622,0.0268
